old_url,new_url,type,title,status_expected
"/חותמת-לעסק/","/stamps/business/","category landing","חותמת לעסק","301"
"/חותמת-אישית/","/stamps/personal/","category landing","חותמת אישית","301"
"/חותמת-רופא/","/stamps/doctors/","category landing","חותמת רופא","301"
"/חותמת-לעורך-דין/","/stamps/lawyers/","category landing","חותמת לעורך דין","301"
"/חותמת-עגולה/","/stamps/round/","category landing","חותמת עגולה","301"
"/חותמות-תאריך/","/stamps/date/","category landing","חותמות תאריך","301"
"/נומרטור-מספרון/","/stamps/numbering/","category landing","נומרטור - מספרון","301"
"/חותמות-חתימה-אישית/","/stamps/signature/","category landing","חותמות חתימה אישית","301"
"/חותמת-כיס/","/stamps/pocket/","category landing","חותמת כיס","301"
"/עט-חותמת-עט-חותמת-יוקרתי/","/stamps/pen/","category landing","עט חותמת - עט חותמת יוקרתי","301"
"/חותמות-לספרים/","/stamps/books/","category landing","חותמות לספרים","301"
"/חותמת-חתונה/","/stamps/wedding/","category landing","חותמת חתונה","301"
"/חותמת-מופ-חותמות-מחקר-ופיתוח/","/stamps/research/","category landing","חותמת מו""פ - חותמות מחקר ופיתוח","301"
"/חותמת-ערבות-אישית/","/stamps/guarantee/","category landing","חותמת ערבות אישית","301"
"/חותמת-qr-לפי-דרישה-בכל-גודל/","/stamps/qr/","category landing","חותמת QR לפי דרישה בכל גודל","301"
"/חותמות-לבד-עץ-מתכת/","/stamps/special-surfaces/","category landing","חותמות לבד עץ מתכת","301"
"/kids-stamp/","/stamps/kids/","category landing","חותמות לילדים","301"
"/diploma/","/stamps/diploma/","category landing","תעודות סיום על מתכת מודבקת על עץ","301"
"/product-category/חותמת-גומי-מלבנית/","/stamps/business/","woocommerce category","","301"
"/product-category/חותמות-מרובעות/","/stamps/logo/","woocommerce category","","301"
"/product-category/חותמות-עגולות/","/stamps/round/","woocommerce category","","301"
"/product-category/חותמות-גומי-מלבניות/","/stamps/business/","woocommerce category","","301"
"/product-category/חותמת-כיס/","/stamps/pocket/","woocommerce category","","301"
"/product-category/חותמת-תאריך-תאריכון/","/stamps/date/","woocommerce category","","301"
"/product-category/עט-חותמת/","/stamps/pen/","woocommerce category","","301"
"/product-category/חותמות-לספרים/","/stamps/books/","woocommerce category","","301"
"/product-category/חותמת-חתונה/","/stamps/wedding/","woocommerce category","","301"
"/product-category/חותמות-מחקר-ופיתוח/","/stamps/research/","woocommerce category","","301"
"/product-category/חותמת-ערבות-אישית/","/stamps/guarantee/","woocommerce category","","301"
"/product-category/חותמת-qr/","/stamps/qr/","woocommerce category","","301"
"/product-category/חותמות-לבד-עץ-ומתכת/","/stamps/special-surfaces/","woocommerce category","","301"
"/product-category/חותמות-נומרטור-מספרון/","/stamps/numbering/","woocommerce category","","301"
"/product-category/תעודות-סיום-על-מתכת-מודבקת-על-עץ/","/stamps/diploma/","woocommerce category","","301"
"/thank-you/","/","page","תודה","301"
"/thank-you-lead/","/contact/","page","תודה לפנייתך","301"
"/דוגמת-חותמת-עגולה-לעורך-דין/","/stamps/lawyers/","page","דוגמת חותמת עגולה לעורך דין","301"
"/product/חותמת-פרינט-30/","/stamp/חותמת-פרינט-30/","product","חותמת פרינט 30","301"
"/product/חותמת-פרינט-20/","/stamp/חותמת-פרינט-20/","product","חותמת פרינט 20","301"
"/product/חותמת-פרינט-40/","/stamp/חותמת-פרינט-40/","product","חותמת פרינט 40","301"
"/product/חותמת-פרינט-50/","/stamp/חותמת-פרינט-50/","product","חותמת פרינט 50","301"
"/product/חותמת-פרינט-60/","/stamp/חותמת-פרינט-60/","product","חותמת פרינט 60","301"
"/product/print-s-200/","/stamp/print-s-200/","product","PRINT S-200","301"
"/product/print-s-5030/","/stamp/print-s-5030/","product","PRINT S-5030","301"
"/product/print-s-5633/","/stamp/print-s-5633/","product","PRINT S-5633","301"
"/product/print-s-6040/","/stamp/print-s-6040/","product","PRINT S-6040","301"
"/product/print-q-510/","/stamp/print-q-510/","product","PRINT Q 510","301"
"/product/print-q-530/","/stamp/print-q-530/","product","PRINT Q 530","301"
"/product/print-q-540/","/stamp/print-q-540/","product","PRINT Q 540","301"
"/product/print-r-510/","/stamp/print-r-510/","product","PRINT R 510","301"
"/product/print-r-524/","/stamp/print-r-524/","product","PRINT R 524","301"
"/product/print-r-530/","/stamp/print-r-530/","product","PRINT R 530","301"
"/product/print-r-540/","/stamp/print-r-540/","product","PRINT R 540","301"
"/product/print-r-550/","/stamp/print-r-550/","product","PRINT R 550","301"
"/product/חותמת-אישית-דגם-סליידר/","/stamp/חותמת-אישית-דגם-סליידר/","product","חותמת אישית דגם סליידר","301"
"/product/dater-c-4124/","/stamp/dater-c-4124/","product","חותמת תאריך C-4124","301"
"/product/dater-c-4530/","/stamp/dater-c-4530/","product","חותמת תאריך C-4530","301"
"/product/dater-c-4050/","/stamp/dater-c-4050/","product","חותמת תאריך C-4050","301"
"/product/dater-c-4060/","/stamp/dater-c-4060/","product","חותמת תאריך C-4060","301"
"/product/dater-c-7538/","/stamp/dater-c-7538/","product","חותמת תאריך C-7538","301"
"/product/חותמת-עט-כסף-קלאסי/","/stamp/חותמת-עט-כסף-קלאסי/","product","חותמת עט כסף קלאסי","301"
"/product/חותמת-עט-מנומר-אדום/","/stamp/חותמת-עט-מנומר-אדום/","product","חותמת עט מנומר אדום","301"
"/product/חותמת-עט-קלאסי-ושחור-מוזהב/","/stamp/חותמת-עט-קלאסי-ושחור-מוזהב/","product","חותמת עט קלאסי ושחור מוזהב","301"
"/product/חותמת-דגם-עכבר/","/stamp/חותמת-דגם-עכבר/","product","חותמת דגם עכבר","301"
"/product/חותמת-כיס-20/","/stamp/חותמת-כיס-20/","product","חותמת כיס 20","301"
"/product/חותמת-כיס-30/","/stamp/חותמת-כיס-30/","product","חותמת כיס 30","301"
"/product/חותמת-לספרים-30/","/stamp/חותמת-לספרים-30/","product","חותמת לספרים 30","301"
"/product/חותמת-לספרים-40/","/stamp/חותמת-לספרים-40/","product","חותמת לספרים 40","301"
"/product/חותמת-לספרים-עגולה-30/","/stamp/חותמת-לספרים-עגולה-30/","product","חותמת לספרים עגולה 30","301"
"/product/חותמת-לספרים-עגולה-40/","/stamp/חותמת-לספרים-עגולה-40/","product","חותמת לספרים עגולה 40","301"
"/product/חותמת-לחתונה-40/","/stamp/חותמת-לחתונה-40/","product","חותמת לחתונה 40","301"
"/product/חותמת-מופ-דגם-40/","/stamp/חותמת-מופ-דגם-40/","product","חותמת מו""פ דגם 40","301"
"/product/חותמת-מופ-דגם-38/","/stamp/חותמת-מופ-דגם-38/","product","חותמת מו""פ דגם 38","301"
"/product/חותמת-מופ-דגם-55/","/stamp/חותמת-מופ-דגם-55/","product","חותמת מו""פ דגם 55","301"
"/product/חותמת-ערבות-אישית-דגם-a1/","/stamp/חותמת-ערבות-אישית-דגם-a1/","product","חותמת ערבות אישית דגם A1","301"
"/product/חותמת-ערבות-אישית-דגם-a7/","/stamp/חותמת-ערבות-אישית-דגם-a7/","product","חותמת ערבות אישית דגם A7","301"
"/product/חותמת-ערבות-אישית-דגם-a2/","/stamp/חותמת-ערבות-אישית-דגם-a2/","product","חותמת ערבות אישית דגם A2","301"
"/product/חותמת-ערבות-אישית-דגם-a8/","/stamp/חותמת-ערבות-אישית-דגם-a8/","product","חותמת ערבות אישית דגם A8","301"
"/product/חותמת-ערבות-אישית-דגם-a3/","/stamp/חותמת-ערבות-אישית-דגם-a3/","product","חותמת ערבות אישית דגם A3","301"
"/product/חותמת-ערבות-אישית-דגם-a4/","/stamp/חותמת-ערבות-אישית-דגם-a4/","product","חותמת ערבות אישית דגם A4","301"
"/product/חותמת-qr-דגם-1438/","/stamp/חותמת-qr-דגם-1438/","product","חותמת QR דגם 1438","301"
"/product/חותמת-qr-דגם-1414/","/stamp/חותמת-qr-דגם-1414/","product","חותמת QR דגם 1414","301"
"/product/חותמת-qr-דגם-4040/","/stamp/חותמת-qr-דגם-4040/","product","חותמת QR דגם 4040","301"
"/product/חותמת-qr-עגולה-דגם-4040/","/stamp/חותמת-qr-עגולה-דגם-4040/","product","חותמת QR עגולה דגם 4040","301"
"/product/חותמות-למתכות/","/stamp/חותמות-למתכות/","product","חותמות למתכות","301"
"/product/חותמת-עם-דיו-סמוי-מתאימה-לעור-אדם/","/stamp/חותמת-עם-דיו-סמוי-מתאימה-לעור-אדם/","product","חותמת עם דיו סמוי מתאימה לעור אדם","301"
"/product/חותמות-לבדים-דיסקים/","/stamp/חותמות-לבדים-דיסקים/","product","חותמות לבדים דיסקים","301"
"/product/חותמות-לגומי-נייר-כרומו/","/stamp/חותמות-לגומי-נייר-כרומו/","product","חותמות לגומי - נייר כרומו","301"
"/product/חותמות-לעץ-אבן-שיש-קרמיקה/","/stamp/חותמות-לעץ-אבן-שיש-קרמיקה/","product","חותמות לעץ , אבן, שיש קרמיקה","301"
"/product/חותמת-כיס-עגולה-קוטר-עד-40-ממ/","/stamp/חותמת-כיס-עגולה-קוטר-עד-40-ממ/","product","חותמת כיס עגולה קוטר עד 40 ממ","301"
"/product/חותמת-רופא-דגם-עכבר/","/stamp/חותמת-רופא-דגם-עכבר/","product","חותמת רופא דגם עכבר","301"
"/product/חותמת-רופא-דגם-סליידר/","/stamp/חותמת-רופא-דגם-סליידר/","product","חותמת רופא דגם סליידר","301"
"/product/חותמת-רופא-פרינט-20/","/stamp/חותמת-רופא-פרינט-20/","product","חותמת רופא פרינט 20","301"
"/product/חותמת-לעורך-דין-כיס-20/","/stamp/חותמת-לעורך-דין-כיס-20/","product","חותמת לעורך דין כיס 20","301"
"/product/חותמת-לעורך-דין-פרינט-20/","/stamp/חותמת-לעורך-דין-פרינט-20/","product","חותמת לעורך דין פרינט 20","301"
"/product/חותמת-לעורך-דין-כיס-30/","/stamp/חותמת-לעורך-דין-כיס-30/","product","חותמת לעורך דין כיס 30","301"
"/product/חותמת-לעורך-דין-פרינט-30/","/stamp/חותמת-לעורך-דין-פרינט-30/","product","חותמת לעורך דין פרינט 30","301"
"/product/חותמת-לעורך-דין-print-r-540/","/stamp/חותמת-לעורך-דין-print-r-540/","product","חותמת לעורך דין PRINT R 540","301"
"/product/חותמת-לעורך-דין-print-r-530/","/stamp/חותמת-לעורך-דין-print-r-530/","product","חותמת לעורך דין PRINT R 530","301"
"/product/חותמת-תאריך-לעורך-דין-c-4530/","/stamp/חותמת-תאריך-לעורך-דין-c-4530/","product","חותמת תאריך לעורך דין C-4530","301"
"/product/חותמת-תאריך-לעורך-דין-c-4124/","/stamp/חותמת-תאריך-לעורך-דין-c-4124/","product","חותמת תאריך לעורך דין C-4124","301"
"/product/חותמת-עט-כסף-קלאסי-לעורך-דין/","/stamp/חותמת-עט-כסף-קלאסי-לעורך-דין/","product","חותמת עט כסף קלאסי לעורך דין","301"
"/product/חותמת-עט-מנומר-אדום-לעורך-דין/","/stamp/חותמת-עט-מנומר-אדום-לעורך-דין/","product","חותמת עט מנומר אדום לעורך דין","301"
"/product/חותמת-עט-קלאסי-ושחור-מוזהב-לעורך-דין/","/stamp/חותמת-עט-קלאסי-ושחור-מוזהב-לעורך-דין/","product","חותמת עט קלאסי ושחור מוזהב לעורך דין","301"
"/product/חותמות-נומרטור-אוטומטית-6-רצועות/","/stamp/חותמות-נומרטור-אוטומטית-6-רצועות/","product","חותמות נומרטור אוטומטית 6 רצועות","301"
"/product/חותמת-נומרטור-אוטומטית-8-רצועות/","/stamp/חותמת-נומרטור-אוטומטית-8-רצועות/","product","חותמת נומרטור אוטומטית 8 רצועות","301"
"/product/תעודת-סיום-עריכת-דין-צרובה-במתכת-על-גבי/","/stamp/תעודת-סיום-עריכת-דין-צרובה-במתכת-על-גבי/","product","תעודת סיום עריכת דין צרובה במתכת על גבי לוח עץ","301"
"/product/תעודת-הסמכה-צרובה-במתכת-על-גבי-לוח-עץ/","/stamp/תעודת-הסמכה-צרובה-במתכת-על-גבי-לוח-עץ/","product","תעודת הסמכה צרובה במתכת על גבי לוח עץ","301"
"/shop/","/stamps/","shop","","301"
"/צור-קשר/","/contact/","page","צור קשר","301"
"/מי-אנחנו/","/about/","page","מי אנחנו","301"
"/?p=<id>","(per id)","query","","301"
"/?page_id=<id>","(per id)","query","","301"
"/ממליצים/","/ממליצים/","kept (200)","ממליצים","200"
"/היסטוריה/","/היסטוריה/","kept (200)","היסטוריה","200"
"/מפת-אתר/","/מפת-אתר/","kept (200)","מפת אתר","200"
"/הצהרת-נגישות/","/הצהרת-נגישות/","kept (200)","הצהרת נגישות","200"
"/חותמות-בהזמנה-אישית-מוכנות-תוך-2-דקות/","/חותמות-בהזמנה-אישית-מוכנות-תוך-2-דקות/","kept (200)","חותמות בהזמנה אישית מוכנות תוך 2 דקות","200"
"/hware/","/hware/","kept (200)","HWARE","200"